,Point.Forecast,Lo.90,Hi.90
Jan-20,1.617147203,-1.408354313,4.642648718
Feb-20,1.220535517,-1.809023379,4.250094413
Mar-20,0.365933848,-2.667692656,3.399560352
Apr-20,0.778718367,-2.258985961,3.816422696
May-20,1.02542246,-2.016369898,4.067214819
Jun-20,1.194622002,-1.851268581,4.240512585
Jul-20,1.035913148,-2.014085843,4.085912139
Aug-20,1.081111469,-1.973006102,4.13522904
Sep-20,1.3114477,-1.746798612,4.369694012
Oct-20,1.019004219,-2.043380985,4.081389423
Nov-20,0.462093547,-2.604440686,3.528627781
Dec-20,1.0701516,-2.000541792,4.140844991
Jan-21,1.631704071,-1.443174379,4.706582522
Feb-21,1.235092386,-1.843965422,4.314150193
Mar-21,0.380490717,-2.702756542,3.463737975
Apr-21,0.793275236,-2.294171555,3.880722027
May-21,1.039979329,-2.051677066,4.131635724
Jun-21,1.20917887,-1.886697187,4.305054928
Jul-21,1.050470017,-2.049635751,4.150575785
Aug-21,1.095668338,-2.008677177,4.200013852
Sep-21,1.326004569,-1.782590717,4.434599854
Oct-21,1.033561087,-2.079293982,4.146416156
Nov-21,0.476650416,-2.640474438,3.59377527
Dec-21,1.084708468,-2.03669616,4.206113096
Jan-22,1.64626094,-1.479449321,4.7719712
Feb-22,1.249649254,-1.880360703,4.379659212
Mar-22,0.395047585,-2.739272023,3.529367193
Apr-22,0.807832104,-2.330807097,3.946471305
May-22,1.054536197,-2.088432528,4.197504922
Jun-22,1.223735739,-1.923572428,4.371043906
Jul-22,1.065026885,-2.086630631,4.216684401
Aug-22,1.110225206,-2.045791554,4.266241966
Sep-22,1.340561437,-1.81982445,4.500947325
Oct-22,1.048117956,-2.116646929,4.212882841
Nov-22,0.491207284,-2.677946458,3.660361027
Dec-22,1.099265337,-2.074287109,4.272817783
Jan-23,1.660817808,-1.517159142,4.838794758
Feb-23,1.264206123,-1.918189167,4.446601412
Mar-23,0.409604454,-2.777218986,3.596427893
Apr-23,0.822388973,-2.368872415,4.013650361
May-23,1.069093066,-2.126616057,4.264802188
Jun-23,1.238292607,-1.961874024,4.438459239
Jul-23,1.079583754,-2.125050149,4.284217656
Aug-23,1.124782075,-2.084328849,4.333892998
Sep-23,1.355118306,-1.858479376,4.568715988
Oct-23,1.062674824,-2.155419341,4.28076899
Nov-23,0.505764153,-2.716836209,3.728364515
Dec-23,1.113822205,-2.113294055,4.340938465
Jan-24,1.675374677,-1.55628321,4.907032563
Feb-24,1.278762991,-1.957430134,4.514956117
Mar-24,0.424161322,-2.816576707,3.664899351
Apr-24,0.836945841,-2.408346742,4.082238424
May-24,1.083649934,-2.166206842,4.333506711
Jun-24,1.252849476,-2.00158112,4.507280072
Jul-24,1.094140622,-2.164873408,4.353154652
Aug-24,1.139338943,-2.124268123,4.402946009
Sep-24,1.369675174,-1.898534517,4.637884865
Oct-24,1.077231693,-2.1955902,4.350053586
Nov-24,0.520321021,-2.757122638,3.797764681
Dec-24,1.128379074,-2.153695903,4.410454051
Jan-25,1.689931545,-1.596800396,4.976663486
Feb-25,1.29331986,-1.998062443,4.584702162
Mar-25,0.438718191,-2.857323987,3.734760369
Apr-25,0.85150271,-2.449208845,4.152214265
May-25,1.098206803,-2.207183619,4.403597224
Jun-25,1.267406344,-2.042672421,4.577485109
Jul-25,1.108697491,-2.206079082,4.423474063
Aug-25,1.153895812,-2.165588019,4.473379643
Sep-25,1.384232043,-1.939968486,4.708432571
Oct-25,1.091788561,-2.237138091,4.420715214
Nov-25,0.53487789,-2.7987843,3.86854008
Dec-25,1.142935942,-2.195471187,4.481343071
Jan-26,1.704488414,-1.638689206,5.047666034
Feb-26,1.307876728,-2.040064572,4.655818028
Mar-26,0.453275059,-2.899439284,3.805989402
Apr-26,0.866059578,-2.491437158,4.223556315
May-26,1.112763671,-2.249524797,4.475052139
Jun-26,1.281963213,-2.085126312,4.649052738
Jul-26,1.123254359,-2.248645535,4.495154253
Aug-26,1.16845268,-2.208266883,4.545172244
Sep-26,1.398788911,-1.982759609,4.780337431
Oct-26,1.10634543,-2.280041321,4.492732181
Nov-26,0.549434758,-2.841799486,3.940669003
Dec-26,1.157492811,-2.238598176,4.553583797
Jan-27,1.719045282,-1.681927896,5.12001846
Feb-27,1.322433597,-2.08341476,4.728281954
Mar-27,0.467831928,-2.94290082,3.878564675
Apr-27,0.880616447,-2.535009889,4.296242783
May-27,1.12732054,-2.293208571,4.54784965
Jun-27,1.296520081,-2.128920977,4.72196114
Jul-27,1.137811228,-2.292550939,4.568173394
Aug-27,1.183009549,-2.252282874,4.618301971
Sep-27,1.41334578,-2.026886033,4.853577593
Oct-27,1.120902298,-2.324278028,4.566082625
Nov-27,0.563991627,-2.886146322,4.014129576
Dec-27,1.172049679,-2.283054989,4.627154347
Jan-28,1.733602151,-1.726494575,5.193698876
Feb-28,1.336990465,-2.128091112,4.802072042
Mar-28,0.482388796,-2.987686692,3.952464284
Apr-28,0.895173315,-2.579905129,4.37025176
May-28,1.141877408,-2.338213026,4.621967843
Jun-28,1.31107695,-2.174034495,4.796188395
Jul-28,1.152368096,-2.337773368,4.64250956
Aug-28,1.197566417,-2.297614062,4.692746896
Sep-28,1.427902648,-2.072325828,4.928131124
Oct-28,1.135459167,-2.369826276,4.64074461
Nov-28,0.578548495,-2.931802872,4.088899863
Dec-28,1.186606548,-2.328819689,4.702032784
Jan-29,1.748159019,-1.772367306,5.268685344
Feb-29,1.351547334,-2.174071688,4.877166356
Mar-29,0.496945665,-3.033774962,4.027666291
Apr-29,0.909730184,-2.62610094,4.445561308
May-29,1.156434277,-2.384516227,4.69738478
Jun-29,1.325633818,-2.220444934,4.871712571
Jul-29,1.166924965,-2.384290892,4.718140822
Aug-29,1.212123286,-2.34423852,4.768485091
Sep-29,1.442459517,-2.119057068,5.003976101
Oct-29,1.150016035,-2.416664147,4.716696218
Nov-29,0.593105364,-2.978747222,4.16495795
Dec-29,1.201163416,-2.375870367,4.778197199
Jan-30,1.762715888,-1.819524187,5.344955962
Feb-30,1.366104202,-2.221334594,4.953542998
Mar-30,0.511502533,-3.081143741,4.104148807
Apr-30,0.924287052,-2.673575442,4.522149547
May-30,1.170991145,-2.4320963,4.77407859
Jun-30,1.340190687,-2.268130427,4.948511801
Jul-30,1.181481833,-2.432081655,4.795045321
Aug-30,1.226680154,-2.392134401,4.84549471
Sep-30,1.457016385,-2.167057918,5.081090688
Oct-30,1.164572904,-2.464769815,4.793915622
Nov-30,0.607662232,-3.026957557,4.242282022
Dec-30,1.215720285,-2.424185218,4.855625788
Jan-31,1.777272756,-1.867943425,5.422488937
Feb-31,1.380661071,-2.269858049,5.03118019
Mar-31,0.526059402,-3.129771262,4.181890065
Apr-31,0.938843921,-2.72230688,4.599994721
May-31,1.185548014,-2.480931505,4.852027532
Jun-31,1.354747555,-2.317069249,5.02656436
Jul-31,1.196038702,-2.481123945,4.873201348
Aug-31,1.241237023,-2.44128001,4.923754055
Sep-31,1.471573254,-2.216306696,5.159453203
Oct-31,1.179129772,-2.514121613,4.872381157
Nov-31,0.622219101,-3.076412226,4.320850428
Dec-31,1.230277153,-2.47374261,4.934296917
Jan-32,1.791829625,-1.917603405,5.501262654
Feb-32,1.395217939,-2.319620454,5.110056333
Mar-32,0.54061627,-3.179635944,4.260868485
Apr-32,0.953400789,-2.772273691,4.67907527
May-32,1.200104882,-2.531000297,4.931210061
Jun-32,1.369304424,-2.367239875,5.105848723
Jul-32,1.21059557,-2.531396256,4.952587396
Aug-32,1.255793891,-2.491653859,5.003241641
Sep-32,1.486130122,-2.266781935,5.239042179
Oct-32,1.193686641,-2.564698095,4.952071377
Nov-32,0.636775969,-3.127089805,4.400641744
Dec-32,1.244834022,-2.524521139,5.014189182
Jan-33,1.806386493,-1.968482744,5.58125573
Feb-33,1.409774808,-2.370600449,5.190150065
Mar-33,0.555173139,-3.230716449,4.341062727
Apr-33,0.967957658,-2.82345456,4.759369876
May-33,1.214661751,-2.582281384,5.011604885
Jun-33,1.383861292,-2.418621033,5.186343618
Jul-33,1.225152439,-2.582877341,5.033182218
Aug-33,1.27035076,-2.543234724,5.083936243
Sep-33,1.500686991,-2.318462436,5.319836417
Oct-33,1.208243509,-2.616478087,5.032965106
Nov-33,0.651332838,-3.178969142,4.481634818
Dec-33,1.25939089,-2.576499677,5.095281457
Jan-34,1.820943362,-2.020560341,5.662447065
Feb-34,1.424331676,-2.422776959,5.271440312
Mar-34,0.569730007,-3.282991728,4.422451742
Apr-34,0.982514526,-2.875828462,4.840857515
May-34,1.229218619,-2.634753767,5.093191005
Jun-34,1.398418161,-2.471191754,5.268028075
Jul-34,1.239709307,-2.635546255,5.114964869
Aug-34,1.284907628,-2.59600169,5.165816946
Sep-34,1.515243859,-2.37132731,5.401815028
Oct-34,1.222800378,-2.669440726,5.115041482
Nov-34,0.665889706,-3.232029404,4.563808817
Dec-34,1.273947759,-2.62965742,5.177552937
Jan-35,1.83550023,-2.073815421,5.744815881
Feb-35,1.438888545,-2.476129236,5.353906325
Mar-35,0.584286876,-3.33644106,4.505014811
Apr-35,0.997071395,-2.929374709,4.923517498
May-35,1.243775488,-2.688396786,5.175947761
Jun-35,1.412975029,-2.524931405,5.350881464
Jul-35,1.254266176,-2.689382398,5.197914749
Aug-35,1.299464497,-2.649934183,5.248863177
Sep-35,1.529800728,-2.425356014,5.484957469
Oct-35,1.237357246,-2.723565501,5.198279994
Nov-35,0.680446575,-3.286250111,4.647143261
Dec-35,1.288504627,-2.683973918,5.260983172
Jan-36,1.850057099,-2.128227564,5.828341761
Feb-36,1.453445413,-2.530636892,5.437527718
Mar-36,0.598843744,-3.39104409,4.588731578
Apr-36,1.011628263,-2.984072974,5.007329501
May-36,1.258332356,-2.743190149,5.259854861
Jun-36,1.427531898,-2.579819727,5.434883523
Jul-36,1.268823044,-2.744365541,5.282011629
Aug-36,1.314021365,-2.70501201,5.33305474
Sep-36,1.544357596,-2.480528387,5.569243579
Oct-36,1.251914115,-2.778832283,5.282660513
Nov-36,0.695003443,-3.341611164,4.731618051
Dec-36,1.303061496,-2.739429106,5.345552098
Jan-37,1.864613967,-2.18377674,5.913004674
Feb-37,1.468002282,-2.58627993,5.522284494
Mar-37,0.613400613,-3.446780855,4.67358208
Apr-37,1.026185132,-3.03990333,5.092273594
May-37,1.272889225,-2.79911396,5.344892409
Jun-37,1.442088766,-2.635836858,5.520014391
Jul-37,1.283379913,-2.800475857,5.367235682
Aug-37,1.328578234,-2.761215376,5.418371843
Sep-37,1.558914465,-2.536824669,5.654653598
Oct-37,1.266470983,-2.835221346,5.368163313
Nov-37,0.709560312,-3.398092875,4.817213499
Dec-37,1.317618364,-2.796003331,5.431240059
Jan-38,1.879170836,-2.240443329,5.998785
Feb-38,1.48255915,-2.643038766,5.608157067
Mar-38,0.627957481,-3.503631805,4.759546767
Apr-38,1.040742,-3.096846261,5.178330262
May-38,1.287446093,-2.85614874,5.431040926
Jun-38,1.456645635,-2.692963354,5.606254624
Jul-38,1.297936781,-2.857693938,5.4535675
Aug-38,1.343135102,-2.81852491,5.504795114
Sep-38,1.573471333,-2.594225524,5.74116819
Oct-38,1.281027852,-2.892713391,5.454769095
Nov-38,0.72411718,-3.455675979,4.90391034
Dec-38,1.332175233,-2.853677363,5.518027829
Jan-39,1.893727704,-2.298208141,6.085663549
Feb-39,1.497116019,-2.700894246,5.695126283
Mar-39,0.64251435,-3.561577823,4.846606522
Apr-39,1.055298869,-3.154882687,5.265480425
May-39,1.302002962,-2.914275445,5.518281368
Jun-39,1.471202503,-2.751180209,5.693585216
Jul-39,1.31249365,-2.916000814,5.540988113
Aug-39,1.357691971,-2.876921678,5.592305619
Sep-39,1.588028202,-2.652712056,5.828768459
Oct-39,1.29558472,-2.951289559,5.542459
Nov-39,0.738674049,-3.514341655,4.991689753
Dec-39,1.346732101,-2.91243242,5.605896622
Jan-40,1.908284573,-2.357052428,6.173621573
Feb-40,1.511672887,-2.759827659,5.783173434
Mar-40,0.657071218,-3.620600236,4.934742672
Apr-40,1.069855737,-3.213993974,5.353705448
May-40,1.31655983,-2.973475478,5.606595138
Jun-40,1.485759372,-2.810468863,5.781987607
Jul-40,1.327050518,-2.975377963,5.629478999
Aug-40,1.372248839,-2.936387197,5.680884875
Sep-40,1.60258507,-2.712265819,5.917435959
Oct-40,1.310141589,-3.010931442,5.63121462
Nov-40,0.753230917,-3.574071533,5.080533368
Dec-40,1.36128897,-2.972250168,5.694828108
Jan-41,1.922841441,-2.416957897,6.262640779
Feb-41,1.526229756,-2.819820751,5.872280263
Mar-41,0.671628087,-3.680680827,5.023937
Apr-41,1.084412606,-3.27416194,5.442987152
May-41,1.331116699,-3.033730698,5.695964095
Jun-41,1.50031624,-2.870811213,5.871443694
Jul-41,1.341607387,-3.03580732,5.719022093
Aug-41,1.386805708,-2.99690344,5.770514855
Sep-41,1.617141939,-2.772868825,6.007152703
Oct-41,1.324698457,-3.07162109,5.721018005
Nov-41,0.767787786,-3.634847701,5.170423273
Dec-41,1.375845838,-3.033112736,5.784804412
Jan-42,1.93739831,-2.477906714,6.352703333
Feb-42,1.540786624,-2.880855726,5.962428974
Mar-42,0.686184955,-3.741801839,5.114171749
Apr-42,1.098969474,-3.33536887,5.533307819
May-42,1.345673567,-3.095023425,5.786370559
Jun-42,1.514873109,-2.932189618,5.961935836
Jul-42,1.356164255,-3.097271284,5.809599794
Aug-42,1.401362576,-3.058452843,5.861177995
Sep-42,1.631698807,-2.83450355,6.097901164
Oct-42,1.339255326,-3.133341017,5.811851669
Nov-42,0.782344654,-3.696652713,5.261342022
Dec-42,1.390402707,-3.095002713,5.875808127
Jan-43,1.951955178,-2.539881509,6.443791865
Feb-43,1.555343493,-2.942915252,6.053602238
Mar-43,0.700741824,-3.803945979,5.205429626
Apr-43,1.113526343,-3.397597508,5.624650194
May-43,1.360230436,-3.157336444,5.877797315
Jun-43,1.529429977,-2.994586901,6.053446856
Jul-43,1.370721124,-3.159752716,5.901194963
Aug-43,1.415919445,-3.121018308,5.952857197
Sep-43,1.646255676,-2.897152932,6.189664283
Oct-43,1.353812194,-3.196074201,5.90369859
Nov-43,0.796901523,-3.759469584,5.35327263
Dec-43,1.404959575,-3.157903157,5.967822307
Jan-44,1.966512047,-2.602865376,6.535889469
Feb-44,1.569900361,-3.005982463,6.145783186
Mar-44,0.715298692,-3.86709642,5.297693805
Apr-44,1.128083211,-3.460831065,5.716997488
May-44,1.374787304,-3.220653004,5.970227612
Jun-44,1.543986846,-3.057986352,6.145960044
Jul-44,1.385277992,-3.223234943,5.993790927
Aug-44,1.430476313,-3.184583199,6.045535826
Sep-44,1.660812544,-2.960800376,6.282425464
Oct-44,1.368369063,-3.259804085,5.996542211
Nov-44,0.811458391,-3.823281796,5.446198579
Dec-44,1.419516444,-3.221797586,6.060830473
Jan-45,1.981068915,-2.666841874,6.628979704
Feb-45,1.58445723,-3.070040956,6.238955416
Mar-45,0.729855561,-3.931236797,5.390947919
Apr-45,1.14264008,-3.525053216,5.810333376
May-45,1.389344173,-3.284956818,6.063645163
Jun-45,1.558543714,-3.122371719,6.239459148
Jul-45,1.399834861,-3.287701755,6.087371476
Aug-45,1.445033182,-3.249131345,6.139197708
Sep-45,1.675369413,-3.025429746,6.376168572
Oct-45,1.382925931,-3.324514572,6.090366435
Nov-45,0.82601526,-3.888073291,5.540103811
Dec-45,1.434073312,-3.28666998,6.154816605
Jan-46,1.995625784,-2.731795022,6.723046589
Feb-46,1.599014098,-3.135074788,6.333102984
Mar-46,0.744412429,-3.996351205,5.485176063
Apr-46,1.157196948,-3.590248092,5.904641989
May-46,1.403901041,-3.350232056,6.158034138
Jun-46,1.573100583,-3.187727212,6.333928378
Jul-46,1.414391729,-3.353137396,6.181920855
Aug-46,1.45959005,-3.314647029,6.233827129
Sep-46,1.689926281,-3.091025367,6.470877929
Oct-46,1.3974828,-3.390190023,6.185155623
Nov-46,0.840572128,-3.953828467,5.634972724
Dec-46,1.448630181,-3.352504777,6.249765138
Jan-47,2.010182652,-2.797709292,6.818074597
Feb-47,1.613570967,-3.201068469,6.428210402
Mar-47,0.758969298,-4.062424192,5.580362787
Apr-47,1.171753817,-3.656400281,5.999907915
May-47,1.41845791,-3.416463343,6.253379162
Jun-47,1.587657451,-3.254037493,6.429352396
Jul-47,1.428948598,-3.419526568,6.277423763
Aug-47,1.474146919,-3.381114989,6.329408826
Sep-47,1.70448315,-3.157572011,6.566538311
Oct-47,1.412039668,-3.45681525,6.280894587
Nov-47,0.855128997,-4.020532173,5.730790167
Dec-47,1.463187049,-3.41928686,6.345660959
Jan-48,2.024739521,-2.86456961,6.914048651
Feb-48,1.628127835,-3.26800696,6.524262631
Mar-48,0.773526166,-4.129440756,5.676493089
Apr-48,1.186310685,-3.723494817,6.096116188
May-48,1.433014778,-3.48363575,6.349665306
Jun-48,1.60221432,-3.321287671,6.52571631
Jul-48,1.443505466,-3.486854415,6.373865347
Aug-48,1.488703787,-3.448520406,6.42592798
Sep-48,1.719040018,-3.225054898,6.663134934
Oct-48,1.426596537,-3.524375507,6.37756858
Nov-48,0.869685865,-4.088169701,5.827541432
Dec-48,1.477743918,-3.48700156,6.442489395
Jan-49,2.039296389,-2.932361338,7.010954117
Feb-49,1.642684704,-3.335875663,6.621245071
Mar-49,0.788083035,-4.197386336,5.773552405
Apr-49,1.200867554,-3.791517174,6.193252282
May-49,1.447571647,-3.551734787,6.44687808
Jun-49,1.616771188,-3.38946329,6.623005667
Jul-49,1.458062335,-3.55510652,6.471231189
Aug-49,1.503260656,-3.516848898,6.523370209
Sep-49,1.733596887,-3.293459681,6.760653455
Oct-49,1.441153405,-3.592856484,6.475163295
Nov-49,0.884242734,-4.156726777,5.925212245
Dec-49,1.492300786,-3.555634637,6.54023621
Jan-50,2.053853258,-3.001070277,7.108776792
Feb-50,1.657241572,-3.404660412,6.719143557
Mar-50,0.802639903,-4.266246799,5.871526605
Apr-50,1.215424422,-3.860453258,6.291302103
May-50,1.462128515,-3.620746395,6.545003426
Jun-50,1.631328057,-3.458550328,6.721206442
Jul-50,1.472619203,-3.624268894,6.5695073
Aug-50,1.517817524,-3.586086513,6.621721561
Sep-50,1.748153755,-3.362772444,6.859079954
Oct-50,1.455710274,-3.662244301,6.573664848
Nov-50,0.898799602,-4.226189553,6.023788758
Dec-50,1.506857655,-3.625172281,6.63888759
Jan-51,2.068410126,-3.070682647,7.207502899
Feb-51,1.671798441,-3.474347464,6.817944345
Mar-51,0.817196772,-4.336008439,5.970401982
Apr-51,1.229981291,-3.930289394,6.390251976
May-51,1.476685384,-3.690656936,6.644027703
Jun-51,1.645884925,-3.528535181,6.820305032
Jul-51,1.487176072,-3.694327968,6.668680111
Aug-51,1.532374393,-3.656219716,6.720968502
Sep-51,1.762710624,-3.432979685,6.958400933
Oct-51,1.470267142,-3.732525489,6.673059774
Nov-51,0.913356471,-4.296544598,6.12325754
Dec-51,1.521414523,-3.695601092,6.738430138
Jan-52,2.082966995,-3.141185086,7.307119076
Feb-52,1.686355309,-3.544923489,6.917634108
Mar-52,0.83175364,-4.406657961,6.070165241
Apr-52,1.244538159,-4.001012323,6.490088642
May-52,1.491242252,-3.761453182,6.743937686
Jun-52,1.660441794,-3.599404656,6.920288244
Jul-52,1.50173294,-3.765270582,6.768736462
Aug-52,1.546931261,-3.727235381,6.821097904
Sep-52,1.777267492,-3.504068313,7.058603297
Oct-52,1.484824011,-3.803686991,6.773335013
Nov-52,0.927913339,-4.367778887,6.223605566
Dec-52,1.535971392,-3.766908079,6.838850862
Jan-53,2.097523863,-3.212564636,7.407612362
Feb-53,1.700912178,-3.616375563,7.018199918
Mar-53,0.846310509,-4.478182472,6.170803489
Apr-53,1.259095028,-4.072609184,6.59079924
May-53,1.505799121,-3.833122307,6.844720548
Jun-53,1.674998662,-3.671145958,7.021143283
Jul-53,1.516289809,-3.837083975,6.869663592
Aug-53,1.56148813,-3.79912078,6.922097039
Sep-53,1.791824361,-3.576025631,7.159674352
Oct-53,1.499380879,-3.875716143,6.874477902
Nov-53,0.942470208,-4.439879788,6.324820204
Dec-53,1.55052826,-3.839080644,6.940137164
Jan-54,2.112080732,-3.28480873,7.508970193
Feb-54,1.715469046,-3.688691151,7.119629244
Mar-54,0.860867377,-4.550569471,6.272304225
Apr-54,1.273651896,-4.145067509,6.692371302
May-54,1.520355989,-3.905651874,6.946363852
Jun-54,1.689555531,-3.743746683,7.122857745
Jul-54,1.530846677,-3.909755775,6.971449129
Aug-54,1.576044998,-3.871863571,7.023953568
Sep-54,1.806381229,-3.648839331,7.261601789
Oct-54,1.513937748,-3.948600669,6.976476164
Nov-54,0.957027077,-4.512835056,6.426889209
Dec-54,1.565085129,-3.912106572,7.042276829
Jan-55,2.1266376,-3.357905186,7.611180386
Feb-55,1.730025915,-3.761858103,7.221909933
Mar-55,0.875424246,-4.623806837,6.374655328
Apr-55,1.288208765,-4.218375208,6.794792738
May-55,1.534912858,-3.979029825,7.04885554
Jun-55,1.704112399,-3.817194804,7.225419603
Jul-55,1.545403546,-3.983273985,7.074081077
Aug-55,1.590601867,-3.945451791,7.126655524
Sep-55,1.820938098,-3.722497478,7.364373673
Oct-55,1.528494616,-4.022328663,7.079317896
Nov-55,0.971583945,-4.586632818,6.529800708
Dec-55,1.579641997,-3.985974022,7.145258016
Jan-56,2.141194469,-3.431842192,7.714231129
Feb-56,1.744582783,-3.835864638,7.325030205
Mar-56,0.889981114,-4.697882821,6.47784505
Apr-56,1.302765633,-4.292520562,6.898051829
May-56,1.549469726,-4.05324447,7.152183922
Jun-56,1.718669268,-3.891478662,7.328817198
Jul-56,1.559960414,-4.057626977,7.177547805
Aug-56,1.605158735,-4.019873838,7.230191308
Sep-56,1.835494966,-3.796988503,7.467978435
Oct-56,1.543051485,-4.096888588,7.182991558
Nov-56,0.986140814,-4.661261565,6.633543192
Dec-56,1.594198866,-4.060671513,7.249069244
Jan-57,2.155751337,-3.506608298,7.818110973
Feb-57,1.759139652,-3.910699335,7.428978638
Mar-57,0.904537983,-4.772786031,6.581861996
Apr-57,1.317322502,-4.367492209,7.002137213
May-57,1.564026595,-4.128284477,7.256337666
Jun-57,1.733226136,-3.966586953,7.433039226
Jul-57,1.574517283,-4.132803476,7.281838041
Aug-57,1.619715604,-4.095118468,7.334549675
Sep-57,1.850051835,-3.872301189,7.572404858
Oct-57,1.557608353,-4.172269255,7.287485962
Nov-57,1.000697682,-4.736710137,6.738105501
Dec-57,1.608755734,-4.136187915,7.353699384
Jan-58,2.170308206,-3.582192403,7.922808814
Feb-58,1.77369652,-3.98635112,7.533744161
Mar-58,0.919094851,-4.848505423,6.686695125
Apr-58,1.33187937,-4.443279132,7.107037873
May-58,1.578583463,-4.204138857,7.361305784
Jun-58,1.747783005,-4.042508717,7.538074727
Jul-58,1.589074151,-4.20879255,7.386940852
Aug-58,1.634272472,-4.171174778,7.439719722
Sep-58,1.864608703,-3.948424662,7.677642068
Oct-58,1.572165222,-4.248459817,7.392790261
Nov-58,1.015254551,-4.812967716,6.843476817
Dec-58,1.623312603,-4.212512438,7.459137643
Jan-59,2.184865074,-3.658583743,8.028313892
Feb-59,1.788253389,-4.062809259,7.639316037
Mar-59,0.93365172,-4.925030288,6.792333727
Apr-59,1.346436239,-4.519870652,7.21274313
May-59,1.593140332,-4.280796959,7.467077623
Jun-59,1.762339873,-4.11923333,7.643913077
Jul-59,1.60363102,-4.285583601,7.49284564
Aug-59,1.648829341,-4.248032198,7.545690879
Sep-59,1.879165572,-4.025348378,7.783679521
Oct-59,1.58672209,-4.325449759,7.49889394
Nov-59,1.029811419,-4.890023812,6.94964665
Dec-59,1.637869471,-4.289634618,7.56537356
Jan-60,2.199421943,-3.735771884,8.134615769
Feb-60,1.802810257,-4.140063343,7.745683857
Mar-60,0.948208588,-5.002350245,6.898767421
Apr-60,1.360993107,-4.597256412,7.319242627
May-60,1.6076972,-4.358248454,7.573642854
Jun-60,1.776896742,-4.196750488,7.750543972
Jul-60,1.618187888,-4.363166355,7.599542131
Aug-60,1.663386209,-4.325680477,7.652452895
Sep-60,1.89372244,-4.103062114,7.890506994
Oct-60,1.601278959,-4.403228882,7.6057868
Nov-60,1.044368288,-4.967868254,7.056604829
Dec-60,1.65242634,-4.367544311,7.67239699
Jan-61,2.213978811,-3.813746705,8.241704327
Feb-61,1.817367126,-4.218103278,7.85283753
Mar-61,0.962765457,-5.080455227,7.00598614
Apr-61,1.375549976,-4.675426372,7.426526324
May-61,1.622254069,-4.436483325,7.680991462
Jun-61,1.79145361,-4.275050203,7.857957423
Jul-61,1.632744757,-4.441530845,7.707020358
Aug-61,1.677943078,-4.404109676,7.759995831
Sep-61,1.908279309,-4.181555955,7.998114572
Oct-61,1.615835827,-4.481787299,7.713458953
Nov-61,1.058925156,-5.04649118,7.164341492
Dec-61,1.666983208,-4.446231678,7.780198095
Jan-62,2.22853568,-3.892498394,8.349569753
Feb-62,1.831923994,-4.296919277,7.960767266
Mar-62,0.977322325,-5.15933547,7.11398012
Apr-62,1.390106844,-4.754370794,7.534584483
May-62,1.636810937,-4.515491859,7.789113733
Jun-62,1.806010479,-4.354122784,7.966143742
Jul-62,1.647301625,-4.520667408,7.815270658
Aug-62,1.692499946,-4.483310156,7.868310048
Sep-62,1.922836177,-4.260820287,8.106492641
Oct-62,1.630392696,-4.561115418,7.82190081
Nov-62,1.073482025,-5.125883021,7.27284707
Dec-62,1.681540077,-4.525687178,7.888767332
Jan-63,2.243092548,-3.972017433,8.458202529
Feb-63,1.846480863,-4.376501846,8.069463572
Mar-63,0.991879194,-5.238981505,7.222739892
Apr-63,1.404663713,-4.834080231,7.643407657
May-63,1.651367806,-4.595264635,7.898000246
Jun-63,1.820567347,-4.433958835,8.07509353
Jul-63,1.661858494,-4.600566671,7.924283658
Aug-63,1.707056815,-4.563272567,7.977386197
Sep-63,1.937393046,-4.340845784,8.215631875
Oct-63,1.644949564,-4.641203937,7.931103066
Nov-63,1.088038893,-5.206034501,7.382112287
Dec-63,1.696096945,-4.605901555,7.998095446
Jan-64,2.257649417,-4.05229459,8.567593424
Feb-64,1.861037731,-4.456841777,8.17891724
Mar-64,1.006436062,-5.319384147,7.332256271
Apr-64,1.419220581,-4.914545522,7.752986685
May-64,1.665924674,-4.675792513,8.007641861
Jun-64,1.835124216,-4.514549239,8.184797671
Jul-64,1.676415362,-4.68121954,8.034050264
Aug-64,1.721613683,-4.643987839,8.087215205
Sep-64,1.951949914,-4.421623398,8.325523226
Oct-64,1.659506433,-4.722043832,8.041056698
Nov-64,1.102595762,-5.286936616,7.492128139
Dec-64,1.710653814,-4.68686583,8.108173457
Jan-65,2.272206285,-4.133320909,8.677733479
Feb-65,1.8755946,-4.537930134,8.289119334
Mar-65,1.020992931,-5.400534483,7.442520344
Apr-65,1.43377745,-4.995757777,7.863312677
May-65,1.680481543,-4.757066626,8.118029712
Jun-65,1.849681084,-4.595885151,8.29524732
Jul-65,1.690972231,-4.762617191,8.144561652
Aug-65,1.736170552,-4.72544717,8.197788274
Sep-65,1.966506783,-4.503144349,8.436157915
Oct-65,1.674063301,-4.803626345,8.151752948
Nov-65,1.11715263,-5.368580631,7.602885891
Dec-65,1.725210682,-4.768571289,8.218992653
Jan-66,2.286763154,-4.215087698,8.788614005
Feb-66,1.890151468,-4.619758249,8.400061186
Mar-66,1.035549799,-5.482423866,7.553523464
Apr-66,1.448334318,-5.077708369,7.974377006
May-66,1.695038411,-4.83907837,8.229155192
Jun-66,1.864237953,-4.677957988,8.406433894
Jul-66,1.705529099,-4.844751064,8.255809262
Aug-66,1.75072742,-4.807642021,8.309096861
Sep-66,1.981063651,-4.58540012,8.547527422
Oct-66,1.68862017,-4.885942979,8.263183319
Nov-66,1.131709499,-5.45095807,7.714377067
Dec-66,1.739767551,-4.851009476,8.330544577
Jan-67,2.301320022,-4.297586521,8.900226565
Feb-67,1.904708337,-4.702317708,8.511734381
Mar-67,1.050106668,-5.565043902,7.665257237
Apr-67,1.462891187,-5.160388926,8.0861713
May-67,1.70959528,-4.921819393,8.341009952
Jun-67,1.878794821,-4.760759419,8.518349062
Jul-67,1.720085968,-4.927612847,8.367784782
Aug-67,1.765284289,-4.890564101,8.421132678
Sep-67,1.99562052,-4.66838244,8.65962348
Oct-67,1.703177038,-4.968985484,8.37533956
Nov-67,1.146266367,-5.534060704,7.826593438
Dec-67,1.754324419,-4.934172184,8.442821022
Jan-68,2.315876891,-4.380809192,9.012562973
Feb-68,1.919265205,-4.785600341,8.624130752
Mar-68,1.064663536,-5.648386444,7.777713516
Apr-68,1.477448055,-5.243791322,8.198687433
May-68,1.724152148,-5.005281586,8.453585882
Jun-68,1.89335169,-4.844281356,8.630984736
Jul-68,1.734642836,-5.011194473,8.480480146
Aug-68,1.779841157,-4.974205362,8.533887676
Sep-68,2.010177388,-4.752083282,8.772438058
Oct-68,1.717733907,-5.052745851,8.488213665
Nov-68,1.160823236,-5.617880544,7.939527015
Dec-68,1.768881288,-5.018051442,8.555814017
Jan-69,2.330433759,-4.46474776,9.125615278
Feb-69,1.933822074,-4.869598221,8.737242368
Mar-69,1.079220405,-5.732443581,7.89088439
Apr-69,1.492004924,-5.327907663,8.311917511
May-69,1.738709017,-5.089457078,8.566875112
Jun-69,1.907908558,-4.928515947,8.744333064
Jul-69,1.749199705,-5.095488109,8.593887518
Aug-69,1.794398026,-5.058557989,8.647354041
Sep-69,2.024734257,-4.836494849,8.885963362
Oct-69,1.732290775,-5.137216306,8.601797856
Nov-69,1.175380104,-5.702409833,8.053170041
Dec-69,1.783438156,-5.102639513,8.669515825
Jan-70,2.344990628,-4.549394505,9.23937576
Feb-70,1.948378942,-4.954303644,8.851061529
Mar-70,1.093777273,-5.81720763,8.004762176
Apr-70,1.506561792,-5.412730286,8.425853871
May-70,1.753265885,-5.174338224,8.680869995
Jun-70,1.922465427,-5.013455564,8.858386418
Jul-70,1.763756573,-5.180486145,8.707999291
Aug-70,1.808954894,-5.143614394,8.761524182
Sep-70,2.039291125,-4.92160957,9.00019182
Oct-70,1.746847644,-5.222389292,8.71608458
Nov-70,1.189936973,-5.787641034,8.167514979
Dec-70,1.797995025,-5.187928878,8.783918927
Jan-71,2.359547496,-4.634741929,9.353836921
Feb-71,1.962935811,-5.039709131,8.965580752
Mar-71,1.108334142,-5.902671129,8.119339412
Apr-71,1.521118661,-5.498251747,8.540489069
May-71,1.767822754,-5.259917597,8.795563104
Jun-71,1.937022295,-5.099092798,8.973137389
Jul-71,1.778313442,-5.266181191,8.822808074
Aug-71,1.823511763,-5.229367201,8.876390726
Sep-71,2.053847994,-5.007420089,9.115116077
Oct-71,1.761404512,-5.308257474,8.831066499
Nov-71,1.204493841,-5.873566829,8.282554511
Dec-71,1.812551893,-5.273912236,8.899016022
Jan-72,2.374104365,-4.720782746,9.468991475
Feb-72,1.977492679,-5.125807412,9.080792771
Mar-72,1.12289101,-5.988826827,8.234608847
Apr-72,1.535675529,-5.584464812,8.655815871
May-72,1.782379622,-5.34618798,8.910947224
Jun-72,1.951579164,-5.18542045,9.088578778
Jul-72,1.79287031,-5.352566064,8.938306684
Aug-72,1.838068631,-5.315809247,8.991946509
Sep-72,2.068404862,-5.093919259,9.230728984
Oct-72,1.775961381,-5.39481372,8.946736481
Nov-72,1.21905071,-5.960180102,8.398281521
Dec-72,1.827108762,-5.360582489,9.014800012
Jan-73,2.388661233,-4.807509876,9.584832342
Feb-73,1.992049548,-5.212591426,9.196690522
Mar-73,1.137447879,-6.075667677,8.350563434
Apr-73,1.550232398,-5.671362451,8.771827247
May-73,1.796936491,-5.433142361,9.027015342
Jun-73,1.966136032,-5.272431525,9.20470359
Jul-73,1.807427179,-5.439633786,9.054488143
Aug-73,1.8526255,-5.402933568,9.108184567
Sep-73,2.082961731,-5.181100133,9.347023594
Oct-73,1.790518249,-5.482051099,9.063087598
Nov-73,1.233607578,-6.04747394,8.514689096
Dec-73,1.84166563,-5.447932739,9.131263999
Jan-74,2.403218102,-4.894916437,9.70135264
Feb-74,2.006606416,-5.300054307,9.313267139
Mar-74,1.152004747,-6.16318683,8.467196325
Apr-74,1.564789266,-5.758937831,8.888516364
May-74,1.811493359,-5.520773921,9.143760639
Jun-74,1.980692901,-5.36011922,9.321505022
Jul-74,1.821984047,-5.527377569,9.171345663
Aug-74,1.867182368,-5.490733394,9.22509813
Sep-74,2.097518599,-5.268955956,9.463993154
Oct-74,1.805075118,-5.569962873,9.180113109
Nov-74,1.248164447,-6.13544162,8.631770513
Dec-74,1.856222499,-5.535956279,9.248401277
Jan-75,2.41777497,-4.982995738,9.818545678
Feb-75,2.021163285,-5.388189378,9.430515948
Mar-75,1.166561616,-6.251377627,8.584500858
Apr-75,1.579346135,-5.847184308,9.005876577
May-75,1.826050228,-5.609076032,9.261176488
Jun-75,1.995249769,-5.448476922,9.43897646
Jul-75,1.836540916,-5.615790816,9.288872647
Aug-75,1.881739237,-5.579202142,9.342680615
Sep-75,2.112075468,-5.357480161,9.581631096
Oct-75,1.819631986,-5.65854249,9.297806463
Nov-75,1.262721315,-6.224076605,8.749519235
Dec-75,1.870779367,-5.624646588,9.366205322
Jan-76,2.432331839,-5.071741272,9.93640495
Feb-76,2.035720153,-5.476990148,9.548430455
Mar-76,1.181118484,-6.340233589,8.702470557
Apr-76,1.593903003,-5.936095418,9.123901425
May-76,1.840607096,-5.698042247,9.37925644
Jun-76,2.009806638,-5.537498198,9.557111473
Jul-76,1.851097784,-5.70486711,9.407062678
Aug-76,1.896296105,-5.66833341,9.46092562
Sep-76,2.126632336,-5.446666359,9.699931031
Oct-76,1.834188855,-5.747783576,9.416161286
Nov-76,1.277278184,-6.313372536,8.867928903
Dec-76,1.885336236,-5.713997321,9.484669792
Jan-77,2.446888707,-5.16114671,10.05492412
Feb-77,2.050277022,-5.566450302,9.667004345
Mar-77,1.195675353,-6.429748416,8.821099121
Apr-77,1.608459872,-6.025664876,9.24258462
May-77,1.855163965,-5.787666294,9.497994223
Jun-77,2.024363506,-5.62717679,9.675903803
Jul-77,1.865654653,-5.794600206,9.525909511
Aug-77,1.910852974,-5.758120967,9.579826915
Sep-77,2.141189205,-5.536508336,9.818886745
Oct-77,1.848745723,-5.837679931,9.535171378
Nov-77,1.291835052,-6.403323226,8.98699333
Dec-77,1.899893104,-5.804002304,9.603788512
Jan-78,2.461445576,-5.251205891,10.17409704
Feb-78,2.06483389,-5.656563694,9.786231474
Mar-78,1.210232221,-6.519915977,8.940380419
Apr-78,1.62301674,-6.115886564,9.361920045
May-78,1.869720833,-5.877942068,9.617383734
Jun-78,2.038920375,-5.717506609,9.795347359
Jul-78,1.880211521,-5.884984029,9.645407071
Aug-78,1.925409842,-5.848558753,9.699378437
Sep-78,2.155746073,-5.627000043,9.938492189
Oct-78,1.863302592,-5.928225518,9.654830702
Nov-78,1.306391921,-6.493922653,9.106706494
Dec-78,1.914449973,-5.89465553,9.723555476
Jan-79,2.476002444,-5.341912823,10.29391771
Feb-79,2.079390759,-5.747324343,9.906105861
Mar-79,1.22478909,-6.610730304,9.060308483
Apr-79,1.637573609,-6.206754529,9.481901747
May-79,1.884277702,-5.968863629,9.737419033
Jun-79,2.053477243,-5.808481727,9.915436214
Jul-79,1.89476839,-5.976012664,9.765549443
Aug-79,1.939966711,-5.939640864,9.819574286
Sep-79,2.170302942,-5.718135591,10.05874147
Oct-79,1.87785946,-6.019414464,9.775133385
Nov-79,1.320948789,-6.585164956,9.227062534
Dec-79,1.929006841,-5.985951151,9.843964833
Jan-80,2.490559313,-5.433261668,10.41438029
Feb-80,2.093947627,-5.838726427,10.02662168
Mar-80,1.239345958,-6.702185587,9.180877503
Apr-80,1.652130477,-6.298262972,9.602523927
May-80,1.89883457,-6.060425194,9.858094334
Jun-80,2.068034112,-5.900096373,10.0361646
Jul-80,1.909325258,-6.067680352,9.886330868
Aug-80,1.954523579,-6.031361557,9.940408715
Sep-80,2.18485981,-5.809909249,10.17962887
Oct-80,1.892416329,-6.111241047,9.896073705
Nov-80,1.335505658,-6.677044426,9.348055741
Dec-80,1.94356371,-6.07788347,9.965010889
Jan-81,2.505116181,-5.525246744,10.53547911
Feb-81,2.108504496,-5.930764276,10.14777327
Mar-81,1.253902827,-6.794276169,9.302081822
Apr-81,1.666687346,-6.390406249,9.723780941
May-81,1.913391439,-6.152621128,9.979404005
Jun-81,2.08259098,-5.992344926,10.15752689
Jul-81,1.923882127,-6.159981486,10.00774574
Aug-81,1.969080448,-6.123715234,10.06187613
Sep-81,2.199416679,-5.902315431,10.30114879
Oct-81,1.906973197,-6.203699696,10.01764609
Nov-81,1.350062526,-6.769555505,9.469680557
Dec-81,1.958120578,-6.170446941,10.0866881
Jan-82,2.51967305,-5.617862517,10.65720862
Feb-82,2.123061364,-6.023432365,10.26955509
Mar-82,1.268459695,-6.886996539,9.423915929
Apr-82,1.681244214,-6.483178861,9.84566729
May-82,1.927948307,-6.245445945,10.10134256
Jun-82,2.097147849,-6.085221911,10.27951761
Jul-82,1.938438995,-6.252910602,10.12978859
Aug-82,1.983637316,-6.216696444,10.18397108
Sep-82,2.213973547,-5.995348698,10.42329579
Oct-82,1.921530066,-6.296784984,10.13984512
Nov-82,1.364619395,-6.862692776,9.591931565
Dec-82,1.972677447,-6.263636159,10.20899105
Jan-83,2.534229918,-5.711103592,10.77956343
Feb-83,2.137618233,-6.116725315,10.39196178
Mar-83,1.283016564,-6.980341325,9.546374453
Apr-83,1.695801083,-6.576575449,9.968177615
May-83,1.942505176,-6.338894298,10.22390465
Jun-83,2.111704717,-6.178721993,10.40213143
Jul-83,1.952995864,-6.346462376,10.2524541
Aug-83,1.998194185,-6.310299874,10.30668824
Sep-83,2.228530416,-6.089003749,10.54606458
Oct-83,1.936086934,-6.390491619,10.26266549
Nov-83,1.379176263,-6.95645096,9.714803486
Dec-83,1.987234315,-6.357445856,10.33191449
Jan-84,2.548786787,-5.804964715,10.90253829
Feb-84,2.152175101,-6.210637879,10.51498808
Mar-84,1.297573432,-7.074305296,9.669452161
Apr-84,1.710357951,-6.670590791,10.09130669
May-84,1.957062044,-6.432960975,10.34708506
Jun-84,2.126261586,-6.272839971,10.52536314
Jul-84,1.967552732,-6.440631619,10.37573708
Aug-84,2.012751053,-6.404520347,10.43002245
Sep-84,2.243087284,-6.183275416,10.66944998
Oct-84,1.950643803,-6.484814447,10.38610205
Nov-84,1.393733132,-7.050824913,9.838291176
Dec-84,2.001791184,-6.451870898,10.45545327
Jan-85,2.563343655,-5.899440761,11.02612807
Feb-85,2.16673197,-6.305164946,10.63862889
Mar-85,1.312130301,-7.168883349,9.79314395
Apr-85,1.72491482,-6.765219795,10.21504944
May-85,1.971618913,-6.527640897,10.47087872
Jun-85,2.140818454,-6.367570775,10.64920768
Jul-85,1.982109601,-6.535413271,10.49963247
Aug-85,2.027307922,-6.499352813,10.55396866
Sep-85,2.257644153,-6.278158662,10.79344697
Oct-85,1.965200671,-6.579748438,10.51014978
Nov-85,1.40829,-7.145809616,9.962389616
Dec-85,2.016348052,-6.546906279,10.57960238
Jan-86,2.577900524,-5.994526734,11.15032778
Feb-86,2.181288838,-6.400301529,10.76287921
Mar-86,1.326687169,-7.264070509,9.917444847
Apr-86,1.739471688,-6.860457497,10.33940087
May-86,1.986175781,-6.622929108,10.59528067
Jun-86,2.155375323,-6.462909461,10.77366011
Jul-86,1.996666469,-6.630802399,10.62413534
Aug-86,2.04186479,-6.59479235,10.67852193
Sep-86,2.272201021,-6.373648574,10.91805062
Oct-86,1.97975754,-6.675288691,10.63480377
Nov-86,1.422846869,-7.241400178,10.08709391
Dec-86,2.030904921,-6.642547116,10.70435696
Jan-87,2.592457392,-6.090217762,11.27513255
Feb-87,2.195845707,-6.496042767,10.88773418
Mar-87,1.341244038,-7.359861922,10.04235
Apr-87,1.754028557,-6.956299054,10.46435617
May-87,2.00073265,-6.718820775,10.72028607
Jun-87,2.169932191,-6.558851206,10.89871559
Jul-87,2.011223338,-6.72679419,10.74924087
Aug-87,2.056421659,-6.690834153,10.80367747
Sep-87,2.28675789,-6.469740357,11.04325614
Oct-87,1.994314408,-6.771430422,10.76005924
Nov-87,1.437403737,-7.337591824,10.2123993
Dec-87,2.045461789,-6.738788645,10.82971222
Jan-88,2.607014261,-6.18650909,11.40053761
Feb-88,2.210402575,-6.592383913,11.01318906
Mar-88,1.355800906,-7.456252855,10.16785467
Apr-88,1.768585425,-7.052739741,10.58991059
May-88,2.015289518,-6.815311184,10.84589022
Jun-88,2.18448906,-6.655391305,11.02436943
Jul-88,2.025780206,-6.823383947,10.87494436
Aug-88,2.070978527,-6.787473536,10.92943059
Sep-88,2.301314758,-6.566429335,11.16905885
Oct-88,2.008871277,-6.868168963,10.88591152
Nov-88,1.451960606,-7.434379896,10.33830111
Dec-88,2.060018658,-6.835626216,10.95566353
Jan-89,2.621571129,-6.28339608,11.52653834
Feb-89,2.224959444,-6.689320339,11.13923923
Mar-89,1.370357775,-7.553238686,10.29395424
Apr-89,1.783142294,-7.149774947,10.71605953
May-89,2.029846387,-6.912395732,10.97208851
Jun-89,2.199045928,-6.752525165,11.15061702
Jul-89,2.040337075,-6.920567087,11.00124124
Aug-89,2.085535396,-6.884705926,11.05577672
Sep-89,2.315871627,-6.663710943,11.2954542
Oct-89,2.023428145,-6.965499758,11.01235605
Nov-89,1.466517474,-7.531759847,10.46479479
Dec-89,2.074575526,-6.933055293,11.08220635
Jan-90,2.636127998,-6.380874201,11.6531302
Feb-90,2.239516312,-6.786847525,11.26588015
Mar-90,1.384914643,-7.650814905,10.42064419
Apr-90,1.797699162,-7.247400169,10.84279849
May-90,2.044403255,-7.010069927,11.09887644
Jun-90,2.213602797,-6.850248301,11.2774539
Jul-90,2.054893943,-7.018339135,11.12812702
Aug-90,2.100092264,-6.982526855,11.18271138
Sep-90,2.330428495,-6.761580722,11.42243771
Oct-90,2.037985014,-7.063418358,11.13938839
Nov-90,1.481074343,-7.629727238,10.59187592
Dec-90,2.089132395,-7.031071444,11.20933623
Jan-91,2.650684866,-6.478939033,11.78030876
Feb-91,2.254073181,-6.884961057,11.39310742
Mar-91,1.399471512,-7.748977108,10.54792013
Apr-91,1.812256031,-7.345611012,10.97012307
May-91,2.058960124,-7.108329381,11.22624963
Jun-91,2.228159665,-6.948556336,11.40487567
Jul-91,2.069450812,-7.116695721,11.25559734
Aug-91,2.114649133,-7.080931962,11.31023023
Sep-91,2.344985364,-6.860034322,11.55000505
Oct-91,2.052541882,-7.16192042,11.26700419
Nov-91,1.495631211,-7.728277733,10.71954015
Dec-91,2.103689263,-7.129670343,11.33704887
Jan-92,2.665241735,-6.577586256,11.90806973
Feb-92,2.268630049,-6.983656625,11.52091672
Mar-92,1.41402838,-7.847720992,10.67577775
Apr-92,1.826812899,-7.444403183,11.09802898
May-92,2.073516992,-7.207169809,11.35420379
Jun-92,2.242716534,-7.047444993,11.53287806
Jul-92,2.08400768,-7.215632577,11.38364794
Aug-92,2.129206001,-7.179916989,11.43832899
Sep-92,2.359542232,-6.95906749,11.67815195
Oct-92,2.067098751,-7.261001701,11.3951992
Nov-92,1.51018808,-7.827407097,10.84778326
Dec-92,2.118246132,-7.228847762,11.46534003
Jan-93,2.679798603,-6.676811652,12.03640886
Feb-93,2.283186918,-7.082930019,11.64930385
Mar-93,1.428585249,-7.947042356,10.80421285
Apr-93,1.841369768,-7.543772486,11.22651202
May-93,2.088073861,-7.306587025,11.48273475
Jun-93,2.257273402,-7.146910093,11.6614569
Jul-93,2.098564549,-7.315145532,11.51227463
Aug-93,2.14376287,-7.279477771,11.56700351
Sep-93,2.374099101,-7.058676071,11.80687427
Oct-93,2.081655619,-7.360658053,11.52396929
Nov-93,1.524744948,-7.927111191,10.97660109
Dec-93,2.132803,-7.328599571,11.59420557
Jan-94,2.694355472,-6.776611099,12.16532204
Feb-94,2.297743786,-7.182777124,11.7782647
Mar-94,1.443142117,-8.046937091,10.93322133
Apr-94,1.855926636,-7.643714825,11.3555681
May-94,2.102630729,-7.406576938,11.6118384
Jun-94,2.271830271,-7.246947553,11.79060809
Jul-94,2.113121417,-7.415230512,11.64147335
Aug-94,2.158319738,-7.379610242,11.69624972
Sep-94,2.388655969,-7.158856006,11.93616794
Oct-94,2.096212488,-7.460885424,11.6533104
Nov-94,1.539301817,-8.027385971,11.1059896
Dec-94,2.147359869,-7.428921732,11.72364147
Jan-95,2.70891234,-6.876980566,12.29480525
Feb-95,2.312300655,-7.283193918,11.90779523
Mar-95,1.457698986,-8.147401184,11.06279916
Apr-95,1.870483505,-7.74422619,11.4851932
May-95,2.117187598,-7.507135548,11.74151074
Jun-95,2.286387139,-7.347553381,11.92032766
Jul-95,2.127678286,-7.515883531,11.7712401
Aug-95,2.172876607,-7.480310424,11.82606364
Sep-95,2.403212838,-7.259603325,12.066029
Oct-95,2.110769356,-7.561679853,11.78321857
Nov-95,1.553858685,-8.128227483,11.23594485
Dec-95,2.161916737,-7.529810299,11.85364377
Jan-96,2.723469209,-6.977916114,12.42485453
Feb-96,2.326857523,-7.384176469,12.03789152
Mar-96,1.472255854,-8.248430711,11.19294242
Apr-96,1.885040373,-7.845302666,11.61538341
May-96,2.131744466,-7.608258946,11.87174788
Jun-96,2.300944008,-7.448723675,12.05061169
Jul-96,2.142235154,-7.617100694,11.901571
Aug-96,2.187433475,-7.58157443,11.95644138
Sep-96,2.417769706,-7.360914147,12.19645356
Oct-96,2.125326225,-7.663037465,11.91368991
Nov-96,1.568415554,-8.229631859,11.36646297
Dec-96,2.176473606,-7.631261413,11.98420862
Jan-97,2.738026077,-7.079413892,12.55546605
Feb-97,2.341414392,-7.485720931,12.16854971
Mar-97,1.486812723,-8.350021832,11.32364728
Apr-97,1.899597242,-7.94694042,11.7461349
May-97,2.146301335,-7.709943308,12.00254598
Jun-97,2.315500876,-7.550454617,12.18145637
Jul-97,2.156792023,-7.718878191,12.03246224
Aug-97,2.201990344,-7.683398457,12.08737914
Sep-97,2.432326575,-7.462784677,12.32743783
Oct-97,2.139883093,-7.764954472,12.04472066
Nov-97,1.582972422,-8.331595317,11.49754016
Dec-97,2.191030474,-7.733271298,12.11533225
Jan-98,2.752582946,-7.181470129,12.68663602
Feb-98,2.35597126,-7.587823544,12.29976606
Mar-98,1.501369591,-8.452170794,11.45490998
Apr-98,1.91415411,-8.049135705,11.87744393
May-98,2.160858203,-7.812184891,12.1339013
Jun-98,2.330057745,-7.652742473,12.31285796
Jul-98,2.171348891,-7.821212295,12.16391008
Aug-98,2.216547212,-7.785778782,12.21887321
Sep-98,2.446883443,-7.5652112,12.45897809
Oct-98,2.154439962,-7.867427166,12.17630709
Nov-98,1.597529291,-8.434114158,11.62917274
Dec-98,2.205587343,-7.835836259,12.24701094
Jan-99,2.767139814,-7.28408114,12.81836077
Feb-99,2.370528129,-7.690480626,12.43153688
Mar-99,1.51592646,-8.554873922,11.58672684
Apr-99,1.928710979,-8.151884855,12.00930681
May-99,2.175415072,-7.914980037,12.26581018
Jun-99,2.344614613,-7.75558359,12.44481282
Jul-99,2.18590576,-7.924099358,12.29591088
Aug-99,2.231104081,-7.888711767,12.35091993
Sep-99,2.461440312,-7.668190081,12.5910707
Oct-99,2.16899683,-7.97045192,12.30844558
Nov-99,1.612086159,-8.537184759,11.76135708
Dec-99,2.220144211,-7.938952683,12.37924111
Jan-00,2.781696683,-7.387243316,12.95063668
Feb-00,2.385084997,-7.793688575,12.56385857
Mar-00,1.530483328,-8.658127621,11.71909428
Apr-00,1.943267847,-8.255184279,12.14171997
May-00,2.18997194,-8.018325161,12.39826904
Jun-00,2.359171482,-7.858974391,12.57731735
Jul-00,2.200462628,-8.027535811,12.42846107
Aug-00,2.245660949,-7.992193848,12.48351575
Sep-00,2.47599718,-7.771717765,12.72371213
Oct-00,2.183553699,-8.074025183,12.44113258
Nov-00,1.626643028,-8.640803577,11.89408963
Dec-00,2.23470108,-8.042617032,12.51201919
Jan-01,2.796253551,-7.490953125,13.08346023
Feb-01,2.399641866,-7.897443867,12.6967276
Mar-01,1.545040197,-8.761928372,11.85200877
Apr-01,1.957824716,-8.359030464,12.2746799
May-01,2.204528809,-8.122216758,12.53127438
